pe_id,rank,count,total_secs,avg_secs
WordCounter1,1,5,2.574920654296875e-05,5.14984130859375e-06
