pe_id,rank,count,total_secs,avg_secs
WordCounter1,2,2,6.198883056640625e-06,3.0994415283203125e-06
