pe_id,rank,count,total_secs,avg_secs
RandomWordProducer0,0,10,0.007500886917114258,0.0007500886917114258
