pe_id,rank,count,total_secs,avg_secs
WordCounter1,3,3,1.811981201171875e-05,6.039937337239583e-06
